Material,t_k(C),t_2(C),t_m(C),m_p(g),m_w(ml),c(J/gK)_x,c(J/gK)_y,Error(%)
Brass,20,76,22,179,300,0.3148201723271556,0.38,17.1525862296959
Aluminum,20,83,26,180,300,0.889781223893066,0.897,0.8047687967596431
Iron,23,85,26,180,300,0.4298095742534302,0.449,4.274036914603522
