t_k(C),t_w(C),t_m(C),m_w(ml),C_k(J/K)
14,20,15,300,6280.500000000001
18,40,39,300,59.814285714285724
27,49,43,300,471.0375
