t_k(C),t_w(C),t_m(C),m_w(ml),C_k(J/K)
14,20,15,300,1046.7500000000002
18,40,39,300,57.09545454545455
27,49,43,300,342.57272727272726
