itteration,case1,case2,A
1,120.1,359.8,59.70000000000002
2,119.9,359.5,59.599999999999994
3,119.5,359.5,60.0
