m,Delta_L_1_mm,Delta_L_2_mm,sin_phi_Delta_L_1_mm,sin_phi_Delta_L_2_mm,d_1,d_2
1,-1.32000,1.10000,-0.00227,0.00228,-0.41851,0.41592
2,-5.09000,3.47000,-0.00875,0.00720,-0.18089,0.21975
3,-6.62000,5.21000,-0.01137,0.01081,-0.19472,0.20490
average,-4.34333,3.26000,-0.00746,0.00676,-0.26470,0.28019
